name,match,inn,no,runs,hs,avg,bf,sr,hund,fif,four,six
KL Rahul,13,13,3,626,98,62.6,62.6,138.8,0,6,48,30
Faf du Plessis,16,16,2,633,95,45.21,45.21,138.2,0,6,60,23
Ruturaj Gaikwad,16,16,2,635,101,45.35,45.35,136.26,1,4,64,23
Glenn Maxwell,15,14,2,513,78,42.75,42.75,144.1,0,6,48,21
Moeen Ali,15,15,1,357,58,25.5,25.5,137.3,0,1,31,19
Mayank Agarwal,12,12,1,441,99,40.09,40.09,140.44,0,4,42,18
Prithvi Shaw,15,15,0,479,82,31.93,31.93,159.13,0,4,56,18
Sanju Samson,14,14,2,484,119,40.33,40.33,136.72,1,2,45,17
Ambati Rayudu,16,13,4,257,72,28.55,28.55,151.17,0,2,16,17
Nitish Rana,17,16,3,383,80,29.46,29.46,121.97,0,2,34,17
Kieron Pollard,14,13,5,245,87,30.62,30.62,148.48,0,1,16,16
AB de Villiers,15,14,4,313,76,31.3,31.3,148.34,0,2,23,16
Shikhar Dhawan,16,16,1,587,92,39.13,39.13,124.62,0,3,63,16
Jonny Bairstow,7,7,1,248,63,41.33,41.33,141.71,0,2,20,15
Andre Russell,10,9,2,183,54,26.14,26.14,152.5,0,1,14,14
Venkatesh Iyer,10,10,1,370,67,41.11,41.11,128.47,0,4,37,14
Rohit Sharma,13,13,0,381,63,29.3,29.3,127.42,0,1,33,14
Devdutt Padikkal,14,14,1,411,101,31.61,31.61,125.3,1,1,44,14
Jos Buttler,7,7,0,254,124,36.28,36.28,153.01,1,0,27,13
Shimron Hetmyer,14,13,6,242,53,34.57,34.57,168.05,0,1,19,12
Shubman Gill,17,17,0,478,57,28.11,28.11,118.9,0,3,50,12
Rahul Tripathi,17,16,2,397,74,28.35,28.35,140.28,0,2,41,11
Manish Pandey,8,8,2,292,69,48.66,48.66,123.72,0,3,21,10
Shivam Dube,9,9,1,230,64,28.75,28.75,119.17,0,1,18,10
Ishan Kishan,10,10,1,241,84,26.77,26.77,133.88,0,2,21,10
Yashasvi Jaiswal,10,10,0,249,50,24.9,24.9,148.21,0,1,32,10
Shahrukh Khan,11,10,3,153,47,21.85,21.85,134.21,0,0,9,10
Suryakumar Yadav,14,14,0,317,82,22.64,22.64,143.43,0,2,40,10
Rishabh Pant,16,16,4,419,58,34.91,34.91,128.52,0,3,42,10
Suresh Raina,12,11,2,160,54,17.77,17.77,125,0,1,13,9
Deepak Hooda,12,11,1,160,64,16,16,130.08,0,1,9,9
Virat Kohli,15,15,1,405,72,28.92,28.92,119.46,0,3,43,9
Ravindra Jadeja,16,12,9,227,62,75.66,75.66,145.51,0,1,19,9
Pat Cummins,7,5,2,93,66,31,31,166.07,0,1,5,8
K.S Bharat,8,7,2,191,78,38.2,38.2,122.43,0,1,10,8
Chris Gayle,10,10,1,193,46,21.44,21.44,125.32,0,0,21,8
Abdul Samad,11,10,1,111,28,12.33,12.33,127.58,0,0,4,8
Evin Lewis,5,5,0,151,58,30.2,30.2,162.36,0,1,18,7
Quinton de Kock,11,11,1,297,70,29.7,29.7,116.01,0,2,29,7
Dinesh Karthik,17,15,5,223,40,22.3,22.3,131.17,0,0,22,7
Mahipal Lomror,4,4,1,94,43,31.33,31.33,128.76,0,0,3,6
Jason Holder,8,7,1,85,47,14.16,14.16,118.05,0,0,2,6
David Warner,8,8,0,195,57,24.37,24.37,107.73,0,2,15,6
Krunal Pandya,13,12,2,143,39,14.3,14.3,116.26,0,0,10,6
Rahul Tewatia,14,11,1,155,44,15.5,15.5,105.44,0,0,11,6
Eoin Morgan,17,16,4,133,47,11.08,11.08,95.68,0,0,8,6
Robin Uthappa,4,4,0,115,63,28.75,28.75,136.9,0,1,8,5
Shreyas Iyer,8,8,3,175,47,35,35,102.33,0,0,7,5
Wriddhiman Saha,9,9,0,131,44,14.55,14.55,93.57,0,0,7,5
Chris Morris,11,7,2,67,36,13.4,13.4,136.73,0,0,2,5
Hardik Pandya,12,11,2,127,40,14.11,14.11,113.39,0,0,11,5
Nicholas Pooran,12,11,0,85,32,7.72,7.72,111.84,0,0,3,5
Sunil Narine,14,10,2,62,26,7.75,7.75,131.91,0,0,3,5
Aiden Markram,6,6,1,146,42,29.2,29.2,122.68,0,0,12,4
Abhishek Sharma,8,7,1,98,33,16.33,16.33,130.66,0,0,7,4
Dwayne Bravo,11,3,2,47,23,47,47,261.11,0,0,3,4
Riyan Parag,11,10,2,93,25,11.62,11.62,112.04,0,0,6,4
Chris Lynn,1,1,0,49,49,49,49,140,0,0,4,3
Chris Jordan,4,2,0,32,30,16,16,152.38,0,0,1,3
Rajat Patidar,4,4,0,71,31,17.75,17.75,114.51,0,0,3,3
Priyam Garg,5,5,0,72,29,14.4,14.4,97.29,0,0,2,3
Vijay Shankar,7,5,0,58,28,11.6,11.6,111.53,0,0,1,3
Sam Curran,9,4,1,56,34,18.66,18.66,193.1,0,0,5,3
Kyle Jamieson,9,7,3,65,16,16.25,16.25,118.18,0,0,5,3
David Miller,9,8,3,124,62,24.8,24.8,109.73,0,1,11,3
MS Dhoni,16,11,4,114,18,16.28,16.28,106.54,0,0,12,3
Mohammad Nabi,3,3,0,34,17,11.33,11.33,170,0,0,3,2
Glenn Phillips,3,3,1,26,14,13,13,78.78,0,0,1,2
Manan Vohra,4,4,0,42,14,10.5,10.5,107.69,0,0,5,2
Saurabh Tiwary,5,4,2,115,50,57.5,57.5,118.55,0,1,10,2
Jaydev Unadkat,6,3,1,41,24,20.5,20.5,141.37,0,0,3,2
Kedar Jadhav,6,5,1,55,19,13.75,13.75,105.76,0,0,2,2
Harpreet Brar,7,5,5,64,25,0,0,110.34,0,0,3,2
Steve Smith,8,7,1,152,39,25.33,25.33,112.59,0,0,13,2
Shivam Mavi,9,2,0,25,20,12.5,12.5,125,0,0,2,2
Kane Williamson,10,10,4,266,66,44.33,44.33,113.19,0,2,29,2
Shahbaz Ahmed,11,7,0,59,14,8.42,8.42,111.32,0,0,4,2
Rashid Khan,14,10,2,83,22,10.37,10.37,120.28,0,0,9,2
Harshal Patel,15,8,4,59,31,14.75,14.75,128.26,0,0,6,2
Anmolpreet Singh,1,1,0,16,16,16,16,114.28,0,0,2,1
Dawid Malan,1,1,0,26,26,26,26,100,0,0,1,1
Jagadeesha Suchith,2,1,1,14,14,0,0,233.33,0,0,2,1
Prabhsimran Singh,2,2,0,19,12,9.5,9.5,82.6,0,0,1,1
Nathan Ellis,3,2,1,18,12,18,18,112.5,0,0,0,1
Shreyas Gopal,3,2,1,7,7,7,7,140,0,0,0,1
Adam Milne,4,3,1,16,15,8,8,94.11,0,0,0,1
Jayant Yadav,5,3,1,34,23,17,17,130.76,0,0,2,1
Moises Henriques,5,4,2,31,14,15.5,15.5,96.87,0,0,0,1
Jason Roy,5,5,0,150,60,30,30,123.96,0,1,21,1
Liam Livingstone,5,5,0,42,25,8.4,8.4,102.43,0,0,3,1
Lockie Ferguson,8,3,3,18,18,0,0,163.63,0,0,1,1
Shakib Al Hasan,8,6,1,47,26,9.4,9.4,97.91,0,0,3,1
Marcus Stoinis,10,7,3,89,27,22.25,22.25,123.61,0,0,11,1
Axar Patel,12,6,1,40,12,8,8,86.95,0,0,2,1
Ravichandran Ashwin,13,5,2,44,20,14.66,14.66,104.76,0,0,2,1
Mustafizur Rahman,14,5,5,8,8,0,0,57.14,0,0,0,1
Mohammed Siraj,15,4,3,20,12,20,20,76.92,0,0,1,1